Residue_Index,SHAP_Score,Normalized_SHAP,pLDDT,True_PDB_Residue_Index,Residue_AA
1,12.815473733837052,0.002218008724775,40.66,1,M
2,12.316111138859526,0.0021315826889148,36.19,2,E
3,13.140670918284217,0.0022742914816482,36.88,3,S
4,16.745990303106367,0.0028982738655395,43.62,4,F
5,21.585346117747267,0.003735834274315,44.28,5,F
6,4.445885670358621,0.0007694614659598,44.81,6,S
7,21.24997266414055,0.0036777902829959,46.38,7,R
8,16.996641817461864,0.0029416548015287,47.84,8,S
9,20.595247877179524,0.0035644752920743,49.06,9,T
10,8.628099314653515,0.0014932885007285,54.69,10,S
11,12.15757386163429,0.0021041442132571,55.44,11,I
12,8.357389526247772,0.0014464360249608,58.31,12,V
13,8.827409157243993,0.0015277835946267,61.47,13,S
14,4.214705837404836,0.0007294505465718,60.72,14,K
15,25.5548060509578,0.0044228394484788,66.31,15,L
16,12.448276079487272,0.0021544568328996,73.75,16,S
17,25.16613323049893,0.0043555707914814,73.5,17,F
18,12.453950446493591,0.0021554389109553,77.0,18,L
19,8.526974075288308,0.0014757864818515,78.56,19,A
20,16.614434508991508,0.0028755051481903,80.0,20,L
21,21.35309540629793,0.0036956380150874,76.81,21,W
22,12.708222928707729,0.0021994465376521,78.25,22,I
23,25.54606431040501,0.0044213264917814,78.19,23,V
24,12.613691331514929,0.0021830856982719,77.12,24,F
25,12.511824652565764,0.0021654553564394,73.88,25,L
26,8.510658663908544,0.0014729627294456,69.56,26,I
27,12.635982622789015,0.0021869437123851,62.75,27,S
28,12.342614665659768,0.0021361697260311,58.72,28,S
29,13.229068890794686,0.0022895907580037,51.22,29,S
30,20.745058774536037,0.0035904034695497,43.66,30,S
31,12.78616203201085,0.0022129356692065,37.34,31,F
32,12.58675220144699,0.0021784232701191,32.75,32,T
33,8.584626564493675,0.0014857645541973,34.44,33,S
34,16.97278130384958,0.0029375251978583,34.19,34,T
35,13.14561417107916,0.0022751470237886,40.19,35,E
36,8.460928933831411,0.0014643558704654,53.06,36,A
37,4.578000169363804,0.0007923268798765,66.5,37,Y
38,17.003368520858764,0.0029428190102917,79.62,38,D
39,12.298236432186911,0.0021284890650523,81.88,39,A
40,20.92657182503393,0.0036218184244727,85.44,40,L
41,21.248259466433797,0.0036774937752319,88.19,41,D
42,26.487211803633954,0.0045842134356929,84.38,42,P
43,4.280899447017873,0.0007409068537435,86.0,43,E
44,12.750694938040397,0.0022067972832598,90.0,44,G
45,17.312643985011455,0.0029963461519407,93.88,45,N
46,4.337328462816004,0.0007506731762354,95.62,46,I
47,8.315700140941203,0.0014392207302116,96.38,47,T
48,12.5203519203842,0.0021669311937602,97.19,48,M
49,16.284365294177405,0.0028183791758352,97.38,49,K
50,8.206660672764997,0.0014203489743341,97.75,50,W
51,12.849699197558753,0.0022239322184141,97.62,51,D
52,12.478117671155967,0.0021596215979374,97.62,52,V
53,0.0,0.0,96.81,53,M
54,8.541532514895902,0.0014783061503975,96.81,54,S
55,16.577890883687978,0.0028691804440521,96.81,55,W
56,4.390949131804518,0.000759953450544,96.31,56,T
57,13.117188515018682,0.0022702273185588,94.94,57,P
58,12.883005272362652,0.0022296965909248,94.44,58,D
59,29.93816007391092,0.0051814783929774,97.0,59,G
60,3.992865256068399,0.0006910559967383,97.81,60,Y
61,8.954539995908817,0.0015497864729598,98.12,61,V
62,4.1220088681254765,0.0007134072312101,97.94,62,A
63,13.073335952735931,0.0022626376369156,98.0,63,V
64,12.563812833504995,0.0021744530916229,98.06,64,V
65,12.31544765379769,0.0021314678577594,97.75,65,T
66,21.46343574828352,0.003714734916716,97.31,66,M
67,8.525056481237247,0.001475454598659,96.94,67,F
68,20.523627530557725,0.0035520797648407,95.81,68,N
69,8.608565109363488,0.0014899076629487,94.69,69,F
70,8.868933354602731,0.0015349702998507,93.12,70,Q
71,17.179197454453433,0.0029732501997179,92.19,71,K
72,17.41410775601401,0.0030139067614044,91.81,72,Y
73,8.756661993682485,0.0015155391915487,92.62,73,R
74,12.338416085402857,0.0021354430663824,92.69,74,H
75,8.837899532405572,0.0015295991922486,92.19,75,I
76,12.726473343674227,0.002202605186366,88.62,76,Q
77,20.28692092725896,0.0035111123123507,86.56,77,S
78,25.832819287847396,0.0044709559518427,86.38,78,P
79,12.2608131097548,0.002122012109351,91.38,79,G
80,12.751398558286953,0.0022069190607202,94.25,80,W
81,16.520126486395995,0.0028591830034708,94.81,81,T
82,4.131711591471685,0.0007150865078004,96.44,82,L
83,7.943310358170947,0.0013747702226177,96.69,83,G
84,12.364116615912792,0.0021398911267574,97.62,84,W
85,16.946057263424386,0.002932899995852,97.56,85,K
86,4.4408665754981484,0.0007685927976279,97.25,86,W
87,16.895629637708538,0.0029241723501848,94.62,87,A
88,12.535832082119668,0.0021696103872495,93.75,88,K
89,24.86981127306853,0.0043042855483001,94.12,89,K
90,16.16400141674785,0.0027975474737982,97.0,90,E
91,17.464975716235017,0.0030227106169563,97.44,91,V
92,29.580536270469885,0.0051195834733909,98.19,92,I
93,17.877892766104196,0.0030941752883558,97.75,93,W
94,8.527871171057996,0.0014759417446444,97.44,94,S
95,12.987971686141464,0.0022478634122539,97.44,95,M
96,20.791697308612868,0.0035984753268717,97.75,96,V
97,12.068559323061834,0.0020887382261445,96.88,97,G
98,8.620087908503379,0.0014919019449828,97.5,98,A
99,12.95383684485273,0.0022419556028845,97.12,99,Q
100,8.285921786883364,0.0014340669098783,97.44,100,T
101,8.515082932080645,0.0014737284495126,95.44,101,T
102,17.160727863325633,0.0029700536175927,95.69,102,E
103,8.257897505891378,0.0014292166717181,95.19,103,Q
104,13.082379168747885,0.0022642027707867,94.06,104,G
105,12.544837991942394,0.0021711690644374,94.56,105,D
106,8.391619625692272,0.001452360320917,94.88,106,C
107,12.653536760885268,0.0021899818545765,93.75,107,S
108,8.253511175752351,0.0014284575176891,92.25,108,K
109,0.0,0.0,92.5,109,Y
110,8.48570223298475,0.0014686434523999,88.31,110,K
111,12.397191840354822,0.0021456155453712,87.81,111,G
112,8.659965034654874,0.0014988035871351,89.0,112,N
113,16.580089649087597,0.0028695609903309,95.06,113,I
114,16.97900854908221,0.002938602964045,96.81,114,P
115,12.357492607694669,0.0021387446917269,97.19,115,H
116,24.597664271161648,0.0042571843301019,97.75,116,C
117,8.63543937028508,0.0014945588640228,97.06,117,C
118,4.271651718257004,0.0007393063242975,97.19,118,K
119,25.44704309229912,0.0044041886215584,96.31,119,K
120,4.248263639194192,0.0007352584861532,97.06,120,D
121,8.600626970354256,0.0014885337877455,97.5,121,P
122,17.747289717821502,0.0030715714653065,97.06,122,T
123,11.870972828672166,0.0020545413967837,96.94,123,V
124,17.0714068788567,0.0029545945930593,96.44,124,V
125,25.78958845555879,0.0044634738746923,96.44,125,D
126,0.0,0.0,96.69,126,L
127,12.849651720109364,0.0022239240013634,95.44,127,L
128,12.882699530464263,0.002229643675347,93.69,128,P
129,16.742355189123373,0.0028976447265239,94.25,129,G
130,25.323535949941213,0.0043828129061529,95.12,130,T
131,16.38839492996415,0.0028363838664617,96.44,131,P
132,17.438473082984274,0.003018123734489,94.0,132,Y
133,8.871759084472387,0.0015354593565672,94.75,133,N
134,4.251206315011757,0.0007357677830214,94.5,134,Q
135,29.074064925812674,0.0050319271069834,95.94,135,Q
136,25.826520949850103,0.0044698658814388,95.5,136,I
137,12.728603011434767,0.0022029737737293,93.75,137,A
138,20.859728694449487,0.0036102497029485,94.31,138,N
139,8.51441801123731,0.0014736133698626,95.0,139,C
140,16.490141778142174,0.0028539934688584,95.25,140,C
141,20.631724572071985,0.0035707884123851,93.81,141,K
142,21.81576928164388,0.0037757142349414,92.94,142,G
143,4.226771688607187,0.0007315388160961,92.94,143,G
144,4.384239845807315,0.0007587922562575,93.25,144,V
145,8.509944467568857,0.0014728391215521,94.38,145,M
146,25.99124380386789,0.0044983749116135,93.75,146,N
147,12.539014128646825,0.0021701611126543,93.44,147,S
148,4.035349727222638,0.0006984088991471,92.44,148,W
149,8.609924536386849,0.001490142942663,91.56,149,V
150,25.793197517880195,0.0044640985048764,91.06,150,Q
151,4.191662419649219,0.0007254623598928,92.62,151,D
152,0.0,0.0,92.81,152,P
153,13.0027050446389,0.0022504133544855,92.12,153,A
154,16.718379650821078,0.002893495215219,93.31,154,T
155,21.08224254942683,0.0036487607780732,95.56,155,A
156,12.54883651507498,0.0021718610996582,96.56,156,A
157,8.390283237199881,0.0014521290285436,97.0,157,S
158,13.1776435209199,0.0022806904300544,97.56,158,S
159,4.2736464917470585,0.0007396515651443,98.25,159,F
160,16.915969026651467,0.0029276925432786,98.25,160,Q
161,12.452453359074113,0.0021551798059837,98.0,161,I
162,8.537298317443582,0.0014775733263843,97.94,162,S
163,8.55608049290251,0.0014808240083258,97.88,163,V
164,17.017729378711692,0.0029453044828286,96.94,164,G
165,4.31955802718316,0.0007475975988439,94.88,165,A
166,4.306410616445646,0.0007453221408835,95.12,166,A
167,8.350195100665587,0.0014451908662532,93.38,167,A
168,8.154846433287219,0.0014113813436701,93.69,168,T
169,0.0,0.0,93.5,169,T
170,16.480470942408544,0.0028523197111434,90.0,170,N
171,4.236735518296146,0.000733263283068,90.25,171,K
172,12.932993449551915,0.0022383481800462,93.12,172,T
173,16.82516876953018,0.0029119774970236,94.06,173,V
174,7.978378820527638,0.0013808396163122,93.81,174,R
175,8.600786614591925,0.0014885614178058,93.06,175,V
176,4.142055734288988,0.0007168767965947,94.69,176,P
177,20.304001020369583,0.0035140684102934,95.44,177,R
178,20.782088510631866,0.0035968123061985,95.81,178,N
179,12.29438882249815,0.0021278231488297,96.44,179,F
180,12.61118114209711,0.0021826512529954,94.81,180,T
181,0.0,0.0,94.5,181,L
182,16.63166508478116,0.0028784872905776,88.88,182,M
183,3.989375454737456,0.0006904520073767,77.06,183,G
184,8.613155760604059,0.0014907021793837,61.5,184,P
185,16.599076007748636,0.0028728470108118,70.75,185,G
186,16.686604511791995,0.0028879958059064,73.88,186,P
187,4.348206170313574,0.000752555810513,82.69,187,G
188,8.339192089966673,0.0014432865454114,90.81,188,Y
189,0.0,0.0,91.94,189,T
190,12.80745029568712,0.0022166200866186,94.56,190,C
191,8.71671602565948,0.0015086256347474,94.44,191,G
192,8.625901312108155,0.001492908086479,95.75,192,P
193,12.938380383474213,0.0022392805112801,95.94,193,A
194,17.314017539534845,0.0029965838767396,95.94,194,K
195,16.88544567758477,0.0029224097846428,95.19,195,I
196,4.171658919578476,0.0007220002999951,96.0,196,V
197,21.05436562227933,0.0036439360428417,96.62,197,R
198,4.485798729379894,0.0007763693271111,96.31,198,P
199,8.683912470914947,0.0015029482347435,96.19,199,T
200,4.417012585330667,0.0007644643229877,95.81,200,K
201,21.462241633095093,0.0037145282479684,93.44,201,F
202,4.338583101041422,0.0007508903198688,92.94,202,V
203,4.156694225933478,0.0007194103199634,89.88,203,T
204,8.476869655192928,0.0014671147742557,89.44,204,T
205,21.26033996812447,0.003679584580356,91.12,205,D
206,8.38802780567589,0.0014517386749053,92.25,206,T
207,8.535953970906121,0.0014773406566906,92.81,207,R
208,13.229133983157752,0.0022896020237152,93.69,208,R
209,0.0,0.0,93.94,209,T
210,12.477231113447608,0.0021594681589953,94.31,210,T
211,8.363070323502484,0.001447419215917,95.62,211,Q
212,17.307206650196093,0.0029954050976878,96.56,212,A
213,8.45467156786708,0.0014632728912021,96.12,213,M
214,16.5324481391836,0.0028613155452679,95.25,214,M
215,0.0,0.0,97.25,215,T
216,16.91137887437435,0.0029268981132005,97.06,216,W
217,16.9746480516078,0.0029378482809452,97.06,217,N
218,24.99738315806968,0.0043263647597164,97.06,218,I
219,25.56799582174571,0.0044251222378078,96.38,219,T
220,8.09832436579974,0.0014015989164705,94.69,220,C
221,20.148721765110267,0.0034871938093153,92.12,221,T
222,4.36233438096442,0.000755001018169,88.69,222,Y
223,16.58728624091189,0.0028708065239558,84.12,223,S
224,16.304289446305162,0.0028218275027696,76.0,224,Q
225,8.472696836512341,0.0014663925732327,74.69,225,F
226,25.886331716222628,0.0044802174926554,73.94,226,L
227,16.221948152217585,0.0028075764721414,70.5,227,A
228,13.485035126827768,0.0023338915272582,68.19,228,Q
229,4.250241937756073,0.0007356008756396,71.5,229,R
230,4.368577910609929,0.0007560816027431,80.88,230,T
231,0.0,0.0,89.31,231,P
232,16.180708727890476,0.0028004390533567,90.0,232,T
233,21.32108008565328,0.0036900970368926,95.31,233,C
234,16.260222986702402,0.0028142008013383,97.44,234,C
235,17.106297192237157,0.0029606331540283,98.19,235,V
236,4.292355947289252,0.000742889661253,97.75,236,S
237,12.607646048974845,0.0021820394248609,97.06,237,L
238,8.443160056816438,0.0014612805628281,96.12,238,S
239,16.380906990873655,0.0028350879085769,94.62,239,S
240,4.445473809319083,0.0007693901840549,92.94,240,F
241,17.37840219768647,0.0030077271037859,89.5,241,Y
242,4.301389941921187,0.0007444531991549,89.88,242,N
243,12.751084831620975,0.002206864763197,88.0,243,E
244,8.563905545324815,0.0014821783113274,90.19,244,T
245,7.960983646189504,0.0013778289864086,93.62,245,I
246,8.446084885758026,0.0014617867708892,95.75,246,V
247,8.209288590569486,0.0014208037951811,95.5,247,G
248,17.38088653547789,0.0030081570748515,96.06,248,C
249,4.183964648058463,0.0007241300857292,94.94,249,P
250,21.23392613781561,0.0036750130672542,93.38,250,T
251,22.427751504098254,0.0038816316545391,92.06,251,C
252,12.669684840786976,0.0021927766464706,93.12,252,A
253,24.543272027296133,0.0042477705172411,91.0,253,C
254,13.055223096765625,0.0022595027959096,87.62,254,G
255,12.837227221136343,0.0022217736596987,86.38,255,C
256,8.759805585256942,0.0015160832614508,77.5,256,Q
257,8.6074010267087,0.001489706192013,67.94,257,N
258,13.164687309600248,0.0022784480634947,58.38,258,N
259,4.287093059717336,0.0007419787990567,51.66,259,R
260,8.235497508450862,0.0014253398435344,40.47,260,T
261,20.823448419875422,0.0036039705776337,47.41,261,E
262,12.831179377061517,0.0022207269429559,49.66,262,S
263,12.791048786584696,0.0022137814330468,56.44,263,G
264,12.922532334051766,0.0022365376464731,66.25,264,A
265,17.225299893621724,0.0029812292736431,82.19,265,C
266,8.285228843120478,0.0014339469802258,83.5,266,L
267,8.356521543914454,0.0014462858009091,81.62,267,D
268,4.269982663077826,0.0007390174564002,74.44,268,P
269,16.508663224185796,0.0028571990256543,72.31,269,D
270,8.543663566254054,0.0014786749772238,69.75,270,T
271,17.55581889684754,0.0030384330920961,59.47,271,P
272,8.582693235989488,0.0014854299478005,59.69,272,H
273,4.302947163563658,0.0007447227117192,61.94,273,L
274,21.978210941865505,0.0038038284527316,59.12,274,A
275,0.0,0.0,57.84,275,S
276,16.546336788236033,0.0028637192913496,58.34,276,V
277,13.206875862437071,0.0022857497505194,58.19,277,V
278,13.024804033567989,0.0022542380863114,56.0,278,S
279,3.979623300925596,0.0006887641757218,53.16,279,P
280,12.870552221241836,0.0022275413076626,47.16,280,P
281,13.088621279016024,0.0022652831097053,45.44,281,T
282,21.29483720702285,0.0036855551108604,44.75,282,K
283,4.243243509953572,0.0007343896387983,40.84,283,K
284,8.322882422004568,0.0014404637870344,46.25,284,G
285,17.264746062901963,0.0029880563289233,50.38,285,T
286,12.852268110851355,0.0022243768271905,57.22,286,V
287,13.181047135715744,0.0022812795028791,64.56,287,L
288,12.46296530367637,0.0021569991366871,70.88,288,P
289,21.052841366820303,0.0036436722358239,75.44,289,P
290,17.413152599073882,0.0030137414498076,86.38,290,L
291,4.225854434538633,0.0007313800644519,90.19,291,V
292,8.35791350875229,0.001446526712031,90.06,292,Q
293,26.08030060400188,0.004513788213049,89.06,293,C
294,4.532684753794456,0.0007844840182557,91.56,294,T
295,17.27869201048088,0.0029904699918161,91.88,295,R
296,12.849666975151194,0.0022239266415948,93.88,296,H
297,0.0,0.0,92.44,297,M
298,26.399652944919357,0.0045690593870331,94.0,298,C
299,13.080791127863222,0.0022639279242527,93.5,299,P
300,12.795132248223112,0.0022144881688047,96.19,300,I
301,24.848759868173147,0.0043006421246783,97.44,301,R
302,8.336910309123596,0.0014428916314252,98.06,302,V
303,8.380156920302397,0.0014503764394708,98.06,303,H
304,16.444067220441298,0.0028460192204542,97.25,304,W
305,20.52187723240237,0.0035517768360017,96.75,305,H
306,11.712103935187194,0.0020270455274024,95.06,306,V
307,21.133307575464656,0.0036575987403394,93.88,307,K
308,4.1678118307012255,0.0007213344739108,92.69,308,Q
309,17.723523096956797,0.003067458111908,91.31,309,N
310,12.174717117472028,0.0021071112429439,90.56,310,Y
311,8.026168219926149,0.0013891106570103,89.81,311,K
312,4.1774703662740365,0.0007230061028037,91.25,312,E
313,12.529707484857624,0.0021685503866249,93.38,313,Y
314,31.332643870278197,0.0054228254778483,93.25,314,W
315,8.59602854365945,0.0014877379255915,95.06,315,R
316,12.972521831490669,0.0022451894640937,95.25,316,V
317,8.24926852493445,0.0014277232306291,96.81,317,K
318,29.108579450364573,0.0050379006291628,97.06,318,I
319,12.902400018732491,0.0022330532921718,97.0,319,T
320,8.359584192015893,0.0014468158617052,97.31,320,I
321,8.530719938959063,0.0014764347886153,97.0,321,T
322,24.56280178742325,0.0042511505856844,95.94,322,N
323,12.642056439935402,0.0021879949243577,94.06,323,F
324,12.879027420892982,0.0022290081334047,90.81,324,N
325,21.564630651654205,0.003732248992531,87.56,325,Y
326,4.427440489931996,0.0007662691086606,83.19,326,R
327,8.73386300022981,0.0015115933080454,85.56,327,L
328,4.222924374094873,0.0007308729509606,90.12,328,N
329,4.045138343479273,0.000700103041456,90.31,329,Y
330,4.23380759389832,0.0007327565392679,86.0,330,T
331,30.59624900826494,0.0052953756259936,85.12,331,Q
332,12.599669330852931,0.0021806588726662,93.12,332,W
333,4.370794029132313,0.0007564651523738,95.38,333,N
334,12.61668671442758,0.0021836041172998,96.19,334,L
335,8.672071642766355,0.0015008989105681,95.56,335,V
336,16.791226690239455,0.002906103049495,95.12,336,A
337,16.003112255586075,0.0027697019512221,93.62,337,Q
338,17.278302396411306,0.0029904025602546,92.0,338,H
339,12.672401625830387,0.0021932468478112,85.62,339,P
340,12.164835817960013,0.0021054010596932,87.31,340,N
341,8.44806044647176,0.0014621286865289,87.56,341,L
342,16.527317244288824,0.0028604275274014,84.06,342,D
343,8.60003158361178,0.0014884307425505,86.62,343,N
344,13.133656752251468,0.0022730775209488,89.12,344,I
345,8.530173743834858,0.0014763402571469,90.06,345,T
346,4.068059024168178,0.0007040699856987,92.06,346,Q
347,8.398226985857036,0.0014535038746238,91.75,347,I
348,21.107084941242256,0.0036530603180618,91.88,348,F
349,12.70153313539231,0.0021982887170168,88.0,349,S
350,16.518081855101855,0.0028588291335988,93.0,350,F
351,16.834096002160123,0.0029135225573368,93.75,351,N
352,16.68020871490704,0.002886888868029,91.0,352,Y
353,8.467196489455091,0.0014654406132806,91.44,353,K
354,8.721476365252308,0.0015094495196048,90.81,354,S
355,8.605354627782049,0.0014893520162121,88.62,355,L
356,8.3170196287831,0.0014394490975436,84.0,356,T
357,12.72582180516747,0.0022024924228332,73.81,357,P
358,16.99195826787217,0.002940844206925,76.75,358,Y
359,13.384106103833432,0.0023164234680796,73.56,359,A
360,21.23599533976545,0.003675371189636,68.69,360,G
361,13.001066158615233,0.0022501297080457,75.12,361,L
362,4.281106178488699,0.0007409426333187,82.06,362,N
363,12.065280181645193,0.0020881706962644,87.81,363,D
364,26.38813890125732,0.0045670666203332,92.12,364,T
365,17.967994251212644,0.0031097693962473,92.56,365,A
366,4.224644525282201,0.0007311706621822,94.38,366,M
367,4.102185207002549,0.0007099762965259,95.25,367,L
368,17.7156574016311,0.0030660967747291,95.5,368,W
369,4.288176271044744,0.0007421662733729,93.12,369,G
370,0.0,0.0,91.81,370,V
371,17.133107966982266,0.002965273367378,88.88,371,K
372,12.918122078324018,0.0022357743515778,86.69,372,F
373,12.654616484123096,0.0021901687251996,89.56,373,Y
374,12.279532916203609,0.0021252519969191,91.12,374,N
375,4.13811872188812,0.0007161954072028,89.06,375,D
376,17.532804887406158,0.0030344499951936,91.44,376,F
377,12.537374010400669,0.0021698772529504,92.81,377,L
378,20.701312314655137,0.0035828321513364,92.62,378,S
379,12.860224333336587,0.0022257538321499,90.88,379,E
380,13.27952524124521,0.0022983233751386,90.06,380,A
381,0.0,0.0,86.94,381,G
382,13.558376763515753,0.0023465849628222,84.94,382,P
383,8.542127904169547,0.0014784091960305,85.12,383,L
384,8.687735872241802,0.0015036099611593,90.31,384,G
385,21.671742751836973,0.0037507871736133,94.69,385,N
386,8.120326273634305,0.0014054068462086,94.88,386,V
387,12.477389593609985,0.0021594955875859,94.62,387,Q
388,24.83080520799757,0.0042975346630466,93.88,388,S
389,26.589077770825952,0.0046018436543396,94.81,389,E
390,8.631404550016603,0.0014938605467585,94.81,390,I
391,20.38242010202769,0.0035276406130007,94.69,391,L
392,4.2637999104418896,0.0007379473906676,93.31,392,F
393,8.689096678381247,0.001503845479561,93.5,393,R
394,4.4900846999316855,0.0007771111116347,90.94,394,K
395,17.549422513067732,0.0030373260526432,88.25,395,D
396,25.04531338597053,0.0043346601739845,84.19,396,Q
397,8.267173025509692,0.001430822011003,84.44,397,S
398,8.271361254825024,0.0014315468791862,84.94,398,T
399,4.343681697165323,0.0007517727476995,85.62,399,F
400,8.524743300344781,0.0014754003955943,84.88,400,T
401,8.348186824478429,0.001444843288458,81.5,401,F
402,16.945779749185757,0.0029328519657117,79.5,402,E
403,25.499454415891336,0.0044132595911862,77.25,403,K
404,8.067167915705795,0.0013962065853264,82.5,404,G
405,4.281022846200855,0.0007409282107741,87.56,405,W
406,8.17729376096213,0.0014152663634255,89.44,406,A
407,21.27785485880536,0.003682615929891,94.06,407,F
408,25.037908929058844,0.0043333786645863,94.44,408,P
409,8.909245977411047,0.0015419473145881,92.88,409,R
410,25.9217730074773,0.0044863514128563,93.94,410,R
411,16.96170340076686,0.0029356079151889,95.94,411,I
412,12.853143505837366,0.0022245283341701,95.19,412,Y
413,8.05694986229711,0.0013944381191673,95.12,413,F
414,4.199338240136285,0.0007267908349194,92.69,414,N
415,8.167302133583235,0.0014135370854322,90.38,415,G
416,12.522806878582683,0.0021673560800201,90.12,416,D
417,8.46821704400918,0.0014656172434195,91.56,417,N
418,17.622160289616687,0.0030499149764986,95.19,418,C
419,8.741440480646702,0.0015129047630899,96.06,419,V
420,16.4676826898706,0.0028501064136647,96.38,420,M
421,29.13212509228879,0.0050419757371379,95.44,421,P
422,12.901381218053288,0.0022328769655808,93.06,422,P
423,20.08288617690107,0.0034757994658769,90.5,423,P
424,4.296602511188354,0.0007436246255605,89.12,424,D
425,38.00021198990683,0.0065767995383874,90.62,425,S
426,4.481633859717476,0.0007756485018462,91.94,426,Y
427,12.608452677179455,0.0021821790301874,90.5,427,P
428,0.0,0.0,84.75,428,F
429,16.74947163672482,0.0028988763893713,79.75,429,L
430,21.004564677928,0.0036353168586143,69.94,430,P
431,8.437318677602889,0.0014602695795177,57.12,431,N
432,0.0,0.0,46.09,432,G
433,20.851000320111453,0.0036087390595781,35.19,433,G
434,21.97320914745012,0.0038029627786346,39.16,434,S
435,20.887954144754303,0.0036151347580262,37.59,435,R
436,17.06237747205796,0.0029530318491862,41.31,436,S
437,8.18008088323404,0.0014157487382205,41.22,437,Q
438,4.224718691441012,0.0007311834983201,49.12,438,F
439,8.426496764270496,0.0014583966016873,53.34,439,S
440,9.10103529079788,0.0015751408101424,59.47,440,F
441,8.15288484684686,0.0014110418465957,64.38,441,V
442,4.133937669321313,0.0007154717811189,66.12,442,A
443,12.354834419140388,0.0021382846318393,67.75,443,A
444,8.375407586536312,0.0014495544594216,74.94,444,V
445,20.808263335377397,0.0036013424539606,74.94,445,L
446,4.211690200980229,0.0007289286222138,75.69,446,L
447,12.72754939382503,0.0022027914212779,78.06,447,P
448,24.632331700750683,0.0042631843159699,79.0,448,L
449,8.432292473392408,0.0014593996807513,80.0,449,L
450,8.327484026109389,0.0014412601991113,81.62,450,V
451,17.619731384145098,0.0030494945992547,79.25,451,F
452,21.78000392206195,0.0037695242273579,76.0,452,F
453,4.141168501199076,0.0007167232407625,75.69,453,F
454,21.179375285197796,0.0036655718035473,75.56,454,F
455,0.0,0.0,70.06,455,S
456,8.63185775531747,0.0014939389842266,55.78,456,A
